{
	"2g84pcgqh9nfwyhb": {
		"definition": "root_resistance+5%",
		"x": 0,
		"y": 0,
		"root": true
	},
	"ir1ohl5rd9xq61mo": {
		"definition": "resistance+2.5%",
		"x": -73.9008344562721,
		"y": 0,
		"root": false
	},
	"jzyzivfwhac3m4mp": {
		"definition": "resistance+2.5%",
		"x": -147.8016689125442,
		"y": 0,
		"root": false
	},
	"mw6cgnr7le59k9yx": {
		"definition": "resistance+2.5%",
		"x": -221.70250336881628,
		"y": 0,
		"root": false
	},
	"d0u8912x458e9sae": {
		"definition": "resistance+2.5%",
		"x": -295.6033378250884,
		"y": 0,
		"root": false
	},
	"dum0jsq3t07aq8rp": {
		"definition": "resistance+2.5%",
		"x": -240.17771198288432,
		"y": -96,
		"root": false
	},
	"u1549nbfr91j7h3t": {
		"definition": "resistance+2.5%",
		"x": -184.75208614068023,
		"y": -192,
		"root": false
	},
	"pos3yga5yzpag7rb": {
		"definition": "resistance+2.5%",
		"x": -240.17771198288432,
		"y": 96,
		"root": false
	},
	"tmxq6ix3jrkao3ds": {
		"definition": "resistance+2.5%",
		"x": -184.75208614068023,
		"y": 192,
		"root": false
	},
	"ayvdl9sr9kghtz4b": {
		"definition": "resistance+2.5%",
		"x": -129.32646029847618,
		"y": -288,
		"root": false
	},
	"a8xcnswgoqdm9htv": {
		"definition": "resistance+2.5%",
		"x": -129.32646029847615,
		"y": 288,
		"root": false
	},
	"ae2ul7aehtljlibd": {
		"definition": "armor+2.5%",
		"x": 73.9008344562721,
		"y": 0,
		"root": false
	},
	"k3ltleo2mniz6477": {
		"definition": "armor+2.5%",
		"x": 147.8016689125442,
		"y": 0,
		"root": false
	},
	"huj6id1xu31r6bs3": {
		"definition": "armor+2.5%",
		"x": 221.70250336881628,
		"y": 0,
		"root": false
	},
	"kynyr344e3kbxjy6": {
		"definition": "armor+2.5%",
		"x": 295.6033378250884,
		"y": 0,
		"root": false
	},
	"79ur9t2mo8nuwclb": {
		"definition": "armor+2.5%",
		"x": 240.17771198288432,
		"y": -96,
		"root": false
	},
	"oyoltkr908f45805": {
		"definition": "armor+2.5%",
		"x": 240.17771198288432,
		"y": 96,
		"root": false
	},
	"hhc8ac9osiip8e4p": {
		"definition": "armor+2.5%",
		"x": 184.75208614068023,
		"y": -192,
		"root": false
	},
	"wx9h9b3lhac0mdo1": {
		"definition": "armor+2.5%",
		"x": 184.75208614068023,
		"y": 192,
		"root": false
	},
	"u2yqsh8x49hamyhh": {
		"definition": "armor+2.5%",
		"x": 129.32646029847615,
		"y": -288,
		"root": false
	},
	"r4ozb6or6jj4nqoy": {
		"definition": "armor+2.5%",
		"x": 129.32646029847618,
		"y": 288,
		"root": false
	},
	"o9k3b162v4bb09a7": {
		"definition": "health+1",
		"x": -73.9008344562721,
		"y": 192,
		"root": false
	},
	"anz7jxb58vtqy0gd": {
		"definition": "health+1",
		"x": 73.9008344562721,
		"y": 192,
		"root": false
	},
	"czf6imkd4ydg8jc5": {
		"definition": "health+1",
		"x": 0,
		"y": 64,
		"root": false
	},
	"9zibbmvd1z6lxmpb": {
		"definition": "health+1",
		"x": 0,
		"y": -64,
		"root": false
	},
	"onag9vfnrrd4ibqr": {
		"definition": "health+2",
		"x": -55.425625842204056,
		"y": 416,
		"root": false
	},
	"gccjc9evzvw2z9q0": {
		"definition": "health+2",
		"x": 55.425625842204084,
		"y": 416,
		"root": false
	},
	"d6zwc8pazq533o9o": {
		"definition": "health+1",
		"x": 0,
		"y": 320,
		"root": false
	},
	"x9eo2mf1znuygw0h": {
		"definition": "resistance+4%",
		"x": -110.85125168440814,
		"y": 64,
		"root": false
	},
	"lzhe8p8kb6bc5g7f": {
		"definition": "resistance+4%",
		"x": -184.75208614068023,
		"y": 64,
		"root": false
	},
	"kxpi8eciggqqvjrz": {
		"definition": "resistance+4%",
		"x": -184.75208614068023,
		"y": -64,
		"root": false
	},
	"q8ffkqk2n6hlr27e": {
		"definition": "resistance+4%",
		"x": -110.85125168440814,
		"y": -64,
		"root": false
	},
	"zbrcrftj873n35hw": {
		"definition": "armor+5%",
		"x": 110.85125168440814,
		"y": -64,
		"root": false
	},
	"7wv4s90m5rtmpx12": {
		"definition": "armor+5%",
		"x": 184.75208614068023,
		"y": -64,
		"root": false
	},
	"ye1q97b1tmu7iydo": {
		"definition": "armor+5%",
		"x": 184.75208614068023,
		"y": 64,
		"root": false
	},
	"7sjnx3p10fdmh5p4": {
		"definition": "armor+5%",
		"x": 110.85125168440814,
		"y": 64,
		"root": false
	},
	"xngu39ri6xdjhusp": {
		"definition": "health+1",
		"x": -73.9008344562721,
		"y": -192,
		"root": false
	},
	"3sctik9qd9a94oeq": {
		"definition": "health+1",
		"x": 73.9008344562721,
		"y": -192,
		"root": false
	},
	"9r5bzbwqyzyijvl0": {
		"definition": "health+1",
		"x": 0,
		"y": -320,
		"root": false
	},
	"wjfunot41c6iu4r3": {
		"definition": "health+2",
		"x": 55.425625842204056,
		"y": -416,
		"root": false
	},
	"yrg600c1y4sqjkr2": {
		"definition": "health+2",
		"x": -55.425625842204084,
		"y": -416,
		"root": false
	},
	"bwzwl1s6ftq22dgp": {
		"definition": "health+2",
		"x": 0,
		"y": -192,
		"root": false
	},
	"8sbtfz9u2zqp0ej6": {
		"definition": "health+2",
		"x": 0,
		"y": 192,
		"root": false
	}
}